.net,.net
.net developer,.netDeveloper
.net development,.netDevelopment
.net framework,.netFramework
10,10
12,12
2008,2008
2012,2012
2d,2d
3d,3d
3gpp,3gpp
4g,4g
7,7
802.11,802.11
a/v,A/v
a+,A+
ab initio,AbInitio
abap,Abap
access,Access
account executive,AccountExecutive
account management,AccountManagement
account manager,AccountManager
accounting,Accounting
accounts payable,AccountsPayable
accounts receivable,AccountsReceivable
acl,Acl
acs,Acs
actimize,Actimize
active directory,ActiveDirectory
ad,Ad
ada,Ada
adfs,Adfs
admin,Admin
administration,Administration
administrator,Administrator
ado,Ado
ado.net,Ado.net
adobe,Adobe
adobe analytics,AdobeAnalytics
adobe creative suite,AdobeCreativeSuite
adobe experience manager,AdobeExperienceManager
adobe photoshop,AdobePhotoshop
advertising,Advertising
aem,Aem
aerospace,Aerospace
agile,Agile
agile / scrum,Agile/Scrum
agile development,AgileDevelopment
agile methodology,AgileMethodology
agile/scrum,Agile/scrum
ai,Ai
airwatch,Airwatch
aix,Aix
ajax,Ajax
akka,Akka
alfresco,Alfresco
algorithm,Algorithm
algorithms,Algorithms
alm,Alm
amazon,Amazon
amazon aws,AmazonAws
amazon redshift,AmazonRedshift
amazon web services,AmazonWebServices
aml,Aml
analysis,Analysis
analyst,Analyst
analytical,Analytical
analytical skills,AnalyticalSkills
analytics,Analytics
analyze,Analyze
android,Android
android development,AndroidDevelopment
android os,AndroidOs
android sdk,AndroidSdk
angular,Angular
angular js,AngularJs
angular.js,Angular.js
angularjs,Angularjs
animation,Animation
ansi,Ansi
ansible,Ansible
ant,Ant
anti-virus,Anti-virus
antivirus,Antivirus
ap,Ap
apache,Apache
apache spark,ApacheSpark
apache tomcat,ApacheTomcat
apex,Apex
api,Api
api development,ApiDevelopment
api testing,ApiTesting
api's,Api's
apigee,Apigee
apis,Apis
apo,Apo
app,App
app-v,App-v
appdynamics,Appdynamics
appian,Appian
appium,Appium
apple,Apple
application,Application
application architect,ApplicationArchitect
application architecture,ApplicationArchitecture
application developer,ApplicationDeveloper
application development,ApplicationDevelopment
application security,ApplicationSecurity
application servers,ApplicationServers
application support,ApplicationSupport
applications,Applications
applications development,ApplicationsDevelopment
ar,Ar
arbor,Arbor
architect,Architect
architecture,Architecture
ariba,Ariba
arista,Arista
arm,Arm
artificial intelligence,ArtificialIntelligence
aruba,Aruba
as/400,As/400
as400,As400
asa,Asa
asm,Asm
asp,Asp
asp.net,Asp.net
asp.net mvc,Asp.netMvc
assembly,Assembly
asset management,AssetManagement
atg,Atg
atlassian,Atlassian
audio,Audio
audio visual,AudioVisual
audit,Audit
auditing,Auditing
augmented reality,AugmentedReality
authentication,Authentication
autocad,Autocad
automated,Automated
automated testing,AutomatedTesting
automation,Automation
automation testing,AutomationTesting
automotive,Automotive
autosys,Autosys
av,Av
avaya,Avaya
aws,Aws
axure,Axure
azure,Azure
b2b,B2b
b2c,B2c
ba,Ba
bachelor's degree,Bachelor'sDegree
bachelors degree in computer science,BachelorsDegreeInComputerScience
back end,BackEnd
back-end,Back-end
backbone,Backbone
backbone.js,Backbone.js
backbonejs,Backbonejs
backend,Backend
backup,Backup
backup and recovery,BackupAndRecovery
backups,Backups
bamboo,Bamboo
banking,Banking
basel,Basel
bash,Bash
basic,Basic
batch,Batch
bdd,Bdd
bdm,Bdm
benchmark,Benchmark
benefits,Benefits
best practices,BestPractices
bgp,Bgp
bi,Bi
bi developer,BiDeveloper
bi publisher,BiPublisher
bi tools,BiTools
big data,BigData
bigdata,Bigdata
billing,Billing
bind,Bind
bioinformatics,Bioinformatics
biztalk,Biztalk
blackberry,Blackberry
bloomberg,Bloomberg
bluetooth,Bluetooth
bmc,Bmc
bo,Bo
bods,Bods
bootstrap,Bootstrap
bpm,Bpm
brd,Brd
bridges,Bridges
broadband,Broadband
brocade,Brocade
browser,Browser
browsers,Browsers
bsa,Bsa
budget,Budget
budgeting,Budgeting
build,Build
business,Business
business analysis,BusinessAnalysis
business analyst,BusinessAnalyst
business analytics,BusinessAnalytics
business development,BusinessDevelopment
business intelligence,BusinessIntelligence
business objects,BusinessObjects
business process,BusinessProcess
business requirements,BusinessRequirements
business systems analyst,BusinessSystemsAnalyst
bw,Bw
c,C
c programming,CProgramming
c/c++,C/c++
c#,C#
c#.net,C#.net
c++,C++
c2h corp-to-corp,C2hCorp-to-corp
c2h independent,C2hIndependent
c2h w2,C2hW2
ca,Ca
cabling,Cabling
cad,Cad
call center,CallCenter
call manager,CallManager
capacity planning,CapacityPlanning
capital markets,CapitalMarkets
case,Case
cash management,CashManagement
cassandra,Cassandra
catalyst,Catalyst
cc&b,Cc&b
ccar,Ccar
ccda,Ccda
ccdp,Ccdp
ccie,Ccie
ccna,Ccna
ccnp,Ccnp
ccnp voice,CcnpVoice
ccvp,Ccvp
cdma,Cdma
ceh,Ceh
centos,Centos
certifications,Certifications
cgi,Cgi
change management,ChangeManagement
checkpoint,Checkpoint
checkpoint firewall,CheckpointFirewall
chef,Chef
ci,Ci
ci/cd,Ci/cd
cia,Cia
cics,Cics
circuit,Circuit
circuits,Circuits
cisa,Cisa
cisco,Cisco
cisco asa,CiscoAsa
cisco ios,CiscoIos
cisco nexus,CiscoNexus
cisco routers,CiscoRouters
cisco switches,CiscoSwitches
cisco uc,CiscoUc
cisco ucs,CiscoUcs
cism,Cism
cissp,Cissp
cissp - gcia - three years - siem - analyze data - tcp/ip - it infrastructure - networking protocols,Cissp-Gcia-ThreeYears-Siem-AnalyzeData-Tcp/ip-ItInfrastructure-NetworkingProtocols
citrix,Citrix
civil,Civil
claims,Claims
clarity,Clarity
clearance,Clearance
clearcase,Clearcase
clinical,Clinical
clojure,Clojure
cloud,Cloud
cloud architecture,CloudArchitecture
cloud computing,CloudComputing
cloud foundry,CloudFoundry
cloud migration,CloudMigration
cloud security,CloudSecurity
cloud services,CloudServices
cloudera,Cloudera
cloudwatch,Cloudwatch
cluster,Cluster
clustering,Clustering
cmdb,Cmdb
cmmi,Cmmi
cms,Cms
cnc,Cnc
co,Co
coaching,Coaching
cobit,Cobit
cobol,Cobol
code,Code
coding,Coding
cognos,Cognos
cold calling,ColdCalling
coldfusion,Coldfusion
collaboration,Collaboration
collections,Collections
communication,Communication
communication skills,CommunicationSkills
communications,Communications
commvault,Commvault
compensation,Compensation
compilers,Compilers
compliance,Compliance
computer,Computer
computer science,ComputerScience
computers general,ComputersGeneral
configuration,Configuration
configuration management,ConfigurationManagement
configure,Configure
confluence,Confluence
construction,Construction
consultant,Consultant
consulting,Consulting
contact center,ContactCenter
content management,ContentManagement
continuous integration,ContinuousIntegration
contract corp-to-corp,ContractCorp-to-corp
contract independent,ContractIndependent
contract management,ContractManagement
contract w2,ContractW2
cordova,Cordova
core,Core
core java,CoreJava
cosmos,Cosmos
costing,Costing
couchbase,Couchbase
cpa,Cpa
cq5,Cq5
crm,Crm
cryptography,Cryptography
crystal reports,CrystalReports
csm,Csm
css,Css
css3,Css3
cssa,Cssa
cto,Cto
cube,Cube
cucm,Cucm
cucumber,Cucumber
customer service,CustomerService
customer support,CustomerSupport
cyber,Cyber
cyber security,CyberSecurity
cybersecurity,Cybersecurity
d3,D3
dam,Dam
dashboards,Dashboards
data,Data
data analysis,DataAnalysis
data analyst,DataAnalyst
data analytics,DataAnalytics
data architect,DataArchitect
data architecture,DataArchitecture
data center,DataCenter
data cleansing,DataCleansing
data collection,DataCollection
data governance,DataGovernance
data integration,DataIntegration
data management,DataManagement
data mapping,DataMapping
data mart,DataMart
data migration,DataMigration
data mining,DataMining
data model,DataModel
data modeler,DataModeler
data modeling,DataModeling
data modelling,DataModelling
data profiling,DataProfiling
data quality,DataQuality
data science,DataScience
data security,DataSecurity
data services,DataServices
data stage,DataStage
data storage,DataStorage
data structure,DataStructure
data structures,DataStructures
data validation,DataValidation
data virtualization,DataVirtualization
data visualization,DataVisualization
data warehouse,DataWarehouse
data warehousing,DataWarehousing
database,Database
database administration,DatabaseAdministration
database administrator,DatabaseAdministrator
database design,DatabaseDesign
database management,DatabaseManagement
databases,Databases
datacenter,Datacenter
datastage,Datastage
datawarehouse,Datawarehouse
db2,Db2
dba,Dba
debug,Debug
debugging,Debugging
defect management,DefectManagement
degree,Degree
delivery,Delivery
delivery manager,DeliveryManager
dell,Dell
dell boomi,DellBoomi
demantra,Demantra
deploy,Deploy
deployment,Deployment
design,Design
design pattern,DesignPattern
design patterns,DesignPatterns
designer,Designer
designing,Designing
desktop,Desktop
desktop support,DesktopSupport
dev ops,DevOps
develop,Develop
developer,Developer
development,Development
development manager,DevelopmentManager
device,Device
device drivers,DeviceDrivers
devops,Devops
devops engineer,DevopsEngineer
dhcp,Dhcp
dhtml,Dhtml
diagnostic,Diagnostic
digital,Digital
director,Director
directx,Directx
disaster recovery,DisasterRecovery
distributed systems,DistributedSystems
distribution,Distribution
django,Django
dlp,Dlp
dns,Dns
docker,Docker
document management,DocumentManagement
documentation,Documentation
documentum,Documentum
dod,Dod
dojo,Dojo
dom,Dom
doors,Doors
dos,Dos
dot net,DotNet
dotnet,Dotnet
dr,Dr
dreamweaver,Dreamweaver
drools,Drools
drupal,Drupal
dsp,Dsp
duck creek,DuckCreek
dwdm,Dwdm
dynamics,Dynamics
dynamics ax,DynamicsAx
dynamics crm,DynamicsCrm
dynamodb,Dynamodb
dynatrace,Dynatrace
e-business suite,E-businessSuite
e-commerce,E-commerce
eai,Eai
ebs,Ebs
ec2,Ec2
ecc,Ecc
eclipse,Eclipse
eclipse ide,EclipseIde
ecm,Ecm
ecommerce,Ecommerce
edi,Edi
edw,Edw
eigrp,Eigrp
ejb,Ejb
elastic search,ElasticSearch
elasticsearch,Elasticsearch
elb,Elb
electrical,Electrical
electrical engineer,ElectricalEngineer
electrical engineering,ElectricalEngineering
eloqua,Eloqua
email,Email
embedded,Embedded
embedded software,EmbeddedSoftware
embedded systems,EmbeddedSystems
ember,Ember
ember.js,Ember.js
emberjs,Emberjs
emc,Emc
emi,Emi
emr,Emr
ems,Ems
encryption,Encryption
endeca,Endeca
endpoint,Endpoint
engineer,Engineer
engineering,Engineering
engineering general,EngineeringGeneral
engineers,Engineers
enterprise,Enterprise
enterprise architect,EnterpriseArchitect
enterprise architecture,EnterpriseArchitecture
enterpriseone,Enterpriseone
entity,Entity
entity framework,EntityFramework
environmental,Environmental
epic,Epic
epic analyst,EpicAnalyst
equities,Equities
erp,Erp
erwin,Erwin
es6,Es6
esb,Esb
esri,Esri
essbase,Essbase
esx,Esx
esxi,Esxi
etc,Etc
etc.,Etc.
ethernet,Ethernet
etl,Etl
etl developer,EtlDeveloper
exadata,Exadata
excel,Excel
excellent communication skills,ExcellentCommunicationSkills
exchange,Exchange
exchange server,ExchangeServer
express,Express
extjs,Extjs
f5,F5
fa,Fa
fda,Fda
fdm,Fdm
fdmee,Fdmee
fi,Fi
fiber,Fiber
fico,Fico
filenet,Filenet
fim,Fim
finance,Finance
financial,Financial
financial reporting,FinancialReporting
financial services,FinancialServices
financials,Financials
firewall,Firewall
firewall functionality,FirewallFunctionality
firewalls,Firewalls
fireworks,Fireworks
firmware,Firmware
fisma,Fisma
fitnesse,Fitnesse
fix,Fix
fix protocol,FixProtocol
fixed income,FixedIncome
flash,Flash
flask,Flask
flex,Flex
flume,Flume
force.com,Force.com
forecasting,Forecasting
forensics,Forensics
forth,Forth
fortinet,Fortinet
fortran,Fortran
foundation,Foundation
fpga,Fpga
frame relay,FrameRelay
framework,Framework
frameworks,Frameworks
front end,FrontEnd
front end developer,FrontEndDeveloper
front end development,FrontEndDevelopment
front office,FrontOffice
front-end,Front-end
frontend,Frontend
ftp,Ftp
full stack,FullStack
full stack developer,FullStackDeveloper
full stack development,FullStackDevelopment
full time,FullTime
full-stack,Full-stack
fullstack,Fullstack
functional,Functional
functional analyst,FunctionalAnalyst
fusion,Fusion
gap analysis,GapAnalysis
gemfire,Gemfire
general ledger,GeneralLedger
genetic,Genetic
genetics,Genetics
giac,Giac
gis,Gis
git,Git
github,Github
gl,Gl
gmp,Gmp
go,Go
golden gate,GoldenGate
google,Google
google analytics,GoogleAnalytics
google cloud,GoogleCloud
governance,Governance
government,Government
gpo,Gpo
gpu,Gpu
gradle,Gradle
graphic design,GraphicDesign
graphic designer,GraphicDesigner
graphics,Graphics
grc,Grc
great plains,GreatPlains
groovy,Groovy
group policy,GroupPolicy
grunt,Grunt
gsec,Gsec
gtm,Gtm
gui,Gui
guidewire,Guidewire
gulp,Gulp
gwt,Gwt
gxp,Gxp
h.323,H.323
hadoop,Hadoop
hana,Hana
hardware,Hardware
hbase,Hbase
hbss,Hbss
hcm,Hcm
hdfs,Hdfs
healthcare,Healthcare
help desk,HelpDesk
helpdesk,Helpdesk
heroku,Heroku
hfm,Hfm
hibernate,Hibernate
hipaa,Hipaa
hive,Hive
hl7,Hl7
hortonworks,Hortonworks
host network intrusion detection systems,HostNetworkIntrusionDetectionSystems
hp,Hp
hp loadrunner,HpLoadrunner
hpc,Hpc
hr,Hr
hris,Hris
hsrp,Hsrp
html,Html
html5,Html5
html/css,Html/css
html5/css3,Html5/css3
http,Http
https,Https
hub,Hub
hudson,Hudson
human resources,HumanResources
hunter,Hunter
hybris,Hybris
hyper-v,Hyper-v
hyperion,Hyperion
hyperion planning,HyperionPlanning
i2c,I2c
iaas,Iaas
iam,Iam
ibm,Ibm
ibm bpm,IbmBpm
ibm mq,IbmMq
idd,Idd
ide,Ide
identity,Identity
identity access management,IdentityAccessManagement
identity and access management,IdentityAndAccessManagement
identity management,IdentityManagement
ids,Ids
ids/ips,Ids/ips
ieee,Ieee
iis,Iis
ile,Ile
illustrator,Illustrator
imaging,Imaging
impala,Impala
implement,Implement
implementation,Implementation
implementations,Implementations
implementing,Implementing
ims,Ims
inc. specializes in delivering secure,Inc.SpecializesInDeliveringSecure
incident management,IncidentManagement
incident response,IncidentResponse
including u.s. government agencies and their prime contractors. wi,IncludingU.s.GovernmentAgenciesAndTheirPrimeContractors.Wi
indesign,Indesign
infopath,Infopath
infor,Infor
informatica,Informatica
informatica mdm,InformaticaMdm
information assurance,InformationAssurance
information security,InformationSecurity
information systems,InformationSystems
information technology,InformationTechnology
infosec,Infosec
infotainment,Infotainment
infrastructure,Infrastructure
infrastructure architect,InfrastructureArchitect
inquire,Inquire
inside sales,InsideSales
install,Install
installation,Installation
installations,Installations
instructional designer,InstructionalDesigner
insurance,Insurance
integration,Integration
integration broker,IntegrationBroker
interfaces,Interfaces
intern,Intern
inventory,Inventory
invision,Invision
ios,Ios
ios development,IosDevelopment
ios sdk,IosSdk
iot,Iot
ip,Ip
ip networking,IpNetworking
ipad,Ipad
iphone,Iphone
ips,Ips
ipsec,Ipsec
ipv6,Ipv6
iscsi,Iscsi
ise,Ise
iseries,Iseries
iso,Iso
iso 27001,Iso27001
isp,Isp
it,It
it audit,ItAudit
it infrastructure,ItInfrastructure
it management,ItManagement
it manager,ItManager
it project management,ItProjectManagement
it project manager,ItProjectManager
it sales,ItSales
it security,ItSecurity
it service management,ItServiceManagement
it services,ItServices
it support,ItSupport
iterative,Iterative
iterative development,IterativeDevelopment
itil,Itil
itsm,Itsm
ivr,Ivr
j2ee,J2ee
jabber,Jabber
jasmine,Jasmine
java,Java
java/ j2ee,Java/J2ee
java architect,JavaArchitect
java developer,JavaDeveloper
java development,JavaDevelopment
java ee,JavaEe
java programming,JavaProgramming
java script,JavaScript
java scripting,JavaScripting
java/j2ee,Java/j2ee
javascript,Javascript
javascript frameworks,JavascriptFrameworks
javascript/jquery,Javascript/jquery
jaxb,Jaxb
jboss,Jboss
jcl,Jcl
jd edwards,JdEdwards
jda,Jda
jdbc,Jdbc
jde,Jde
jdedwards,Jdedwards
jdeveloper,Jdeveloper
jee,Jee
jenkins,Jenkins
jetty,Jetty
jira,Jira
jive,Jive
jmeter,Jmeter
jms,Jms
jndi,Jndi
jpa,Jpa
jquery,Jquery
js,Js
jsf,Jsf
json,Json
jsp,Jsp
juniper,Juniper
junit,Junit
jvm,Jvm
kafka,Kafka
kanban,Kanban
kdb,Kdb
kerberos,Kerberos
kernel,Kernel
knockout,Knockout
knockoutjs,Knockoutjs
knowledge management,KnowledgeManagement
kpi,Kpi
kubernetes,Kubernetes
kyc,Kyc
laboratory,Laboratory
labview,Labview
lambda,Lambda
lamp,Lamp
lamp stack,LampStack
lan,Lan
lan/wan,Lan/wan
landesk,Landesk
laptop,Laptop
lawson,Lawson
layout,Layout
ldap,Ldap
lead,Lead
leadership,Leadership
lean,Lean
lean manufacturing,LeanManufacturing
less,Less
libraries,Libraries
library,Library
lifecycle,Lifecycle
linq,Linq
linux,Linux
linux admin,LinuxAdmin
linux administration,LinuxAdministration
linux kernel,LinuxKernel
linux/unix,Linux/unix
lms,Lms
load balancer,LoadBalancer
load balancers,LoadBalancers
load balancing,LoadBalancing
load runner,LoadRunner
loadrunner,Loadrunner
log4j,Log4j
logistics,Logistics
lotus,Lotus
lotus notes,LotusNotes
low latency,LowLatency
lte,Lte
ltm,Ltm
lync,Lync
mac,Mac
machine learning,MachineLearning
macos,Macos
macros,Macros
magento,Magento
mainframe,Mainframe
maintenance,Maintenance
malware,Malware
managed services,ManagedServices
management,Management
management experience,ManagementExperience
manager,Manager
manual,Manual
manual testing,ManualTesting
manufacturing,Manufacturing
map reduce,MapReduce
mapr,Mapr
mapreduce,Mapreduce
market data,MarketData
market risk,MarketRisk
marketing,Marketing
marketo,Marketo
master data management,MasterDataManagement
materials,Materials
mathematical,Mathematical
matlab,Matlab
maven,Maven
mcp,Mcp
mcsa,Mcsa
mcse,Mcse
mdm,Mdm
mean,Mean
mean stack,MeanStack
mechanical,Mechanical
mechanical design,MechanicalDesign
mechanical engineer,MechanicalEngineer
media,Media
medicaid,Medicaid
medical,Medical
medical device,MedicalDevice
medicare,Medicare
meraki,Meraki
mes,Mes
mesos,Mesos
messaging,Messaging
metadata,Metadata
metasploit,Metasploit
methodology,Methodology
metrics,Metrics
micro,Micro
micro services,MicroServices
microservices,Microservices
microsoft,Microsoft
microsoft access,MicrosoftAccess
microsoft active directory,MicrosoftActiveDirectory
microsoft azure,MicrosoftAzure
microsoft dynamics,MicrosoftDynamics
microsoft dynamics crm,MicrosoftDynamicsCrm
microsoft excel,MicrosoftExcel
microsoft exchange,MicrosoftExchange
microsoft office,MicrosoftOffice
microsoft office suite,MicrosoftOfficeSuite
microsoft project,MicrosoftProject
microsoft sql,MicrosoftSql
microsoft sql server,MicrosoftSqlServer
microsoft windows,MicrosoftWindows
microsoft word,MicrosoftWord
microstrategy,Microstrategy
middleware,Middleware
migration,Migration
migrations,Migrations
mm,Mm
mobile,Mobile
mobile application,MobileApplication
mobile application development,MobileApplicationDevelopment
mobile applications,MobileApplications
mobile development,MobileDevelopment
mobile devices,MobileDevices
mobile testing,MobileTesting
mocha,Mocha
modeling,Modeling
mongo,Mongo
mongo db,MongoDb
mongodb,Mongodb
monitoring,Monitoring
mortgage,Mortgage
mpi,Mpi
mpls,Mpls
mq,Mq
mrp,Mrp
ms,Ms
ms access,MsAccess
ms dynamics,MsDynamics
ms dynamics crm,MsDynamicsCrm
ms excel,MsExcel
ms exchange,MsExchange
ms office,MsOffice
ms office suite,MsOfficeSuite
ms powerpoint,MsPowerpoint
ms project,MsProject
ms sql,MsSql
ms sql server,MsSqlServer
ms visio,MsVisio
ms word,MsWord
msp,Msp
mssql,Mssql
mulesoft,Mulesoft
multi threading,MultiThreading
multi-threaded,Multi-threaded
multi-threading,Multi-threading
multicast,Multicast
multimedia,Multimedia
multithreading,Multithreading
mvc,Mvc
mvc framework,MvcFramework
mvc frameworks,MvcFrameworks
mvs,Mvs
mvvm,Mvvm
my sql,MySql
mysql,Mysql
nagios,Nagios
nas,Nas
nat,Nat
native,Native
negotiation,Negotiation
nessus,Nessus
net,Net
net framework,NetFramework
netapp,Netapp
netbackup,Netbackup
netconf,Netconf
netezza,Netezza
netsuite,Netsuite
network,Network
network administration,NetworkAdministration
network administrator,NetworkAdministrator
network design,NetworkDesign
network engineer,NetworkEngineer
network engineering,NetworkEngineering
network management,NetworkManagement
network monitoring,NetworkMonitoring
network operations,NetworkOperations
network security,NetworkSecurity
network support,NetworkSupport
network+,Network+
networking,Networking
networks,Networks
new relic,NewRelic
next,Next
nexus,Nexus
nfv,Nfv
nginx,Nginx
nist,Nist
noc,Noc
node,Node
node js,NodeJs
node.js,Node.js
nodejs,Nodejs
nortel,Nortel
nosql,Nosql
npm,Npm
null,Null
numpy,Numpy
nunit,Nunit
o365,O365
oam,Oam
oauth,Oauth
obiee,Obiee
object oriented,ObjectOriented
object oriented design,ObjectOrientedDesign
object oriented programming,ObjectOrientedProgramming
objective c,ObjectiveC
objective-c,Objective-c
odbc,Odbc
odi,Odi
odm,Odm
oem,Oem
office,Office
office365,Office365
office suite,OfficeSuite
offshore,Offshore
oim,Oim
olap,Olap
oltp,Oltp
om,Om
omnigraffle,Omnigraffle
omniture,Omniture
oms,Oms
oo,Oo
oo design,OoDesign
ooad,Ooad
ood,Ood
oop,Oop
oops,Oops
oozie,Oozie
open source,OpenSource
opengl,Opengl
openstack,Openstack
operating systems,OperatingSystems
operations,Operations
operations management,OperationsManagement
optimization,Optimization
oracle,Oracle
oracle 10g,Oracle10g
oracle 11g,Oracle11g
oracle 12c,Oracle12c
oracle apps,OracleApps
oracle cc&b,OracleCc&b
oracle db,OracleDb
oracle dba,OracleDba
oracle developer,OracleDeveloper
oracle ebs,OracleEbs
oracle financials,OracleFinancials
oracle forms,OracleForms
oracle pl/sql,OraclePl/sql
oracle rac,OracleRac
oracle sql,OracleSql
order management,OrderManagement
organizational skills,OrganizationalSkills
orm,Orm
os,Os
os x,OsX
osb,Osb
ospf,Ospf
oss,Oss
otc,Otc
other,Other
outlook,Outlook
owasp,Owasp
p&c insurance,P&cInsurance
p2p,P2p
pa,Pa
paas,Paas
packaging,Packaging
palo alto,PaloAlto
palo alto networks,PaloAltoNetworks
pandas,Pandas
patching,Patching
payments,Payments
payroll,Payroll
pbx,Pbx
pc,Pc
pcb,Pcb
pci,Pci
pci dss,PciDss
pega,Pega
pen testing,PenTesting
penetration testing,PenetrationTesting
pentaho,Pentaho
people management,PeopleManagement
peoplecode,Peoplecode
peoplesoft,Peoplesoft
peoplesoft hcm,PeoplesoftHcm
peopletools,Peopletools
performance,Performance
performance management,PerformanceManagement
performance testing,PerformanceTesting
performance tuning,PerformanceTuning
peripheral,Peripheral
peripherals,Peripherals
perl,Perl
perl scripting,PerlScripting
pharma,Pharma
pharmaceutical,Pharmaceutical
phone support,PhoneSupport
photoshop,Photoshop
php,Php
physics,Physics
pig,Pig
pivot tables,PivotTables
pki,Pki
pl sql,PlSql
pl-sql,Pl-sql
pl/sql,Pl/sql
pl1,Pl1
planning,Planning
platform,Platform
plc,Plc
please refer to job description,PleaseReferToJobDescription
plm,Plm
plsql,Plsql
pm,Pm
pmi,Pmi
pmo,Pmo
pmp,Pmp
pmp certification,PmpCertification
policy,Policy
polymer,Polymer
portfolio management,PortfolioManagement
pos,Pos
post sales,PostSales
postgres,Postgres
postgresql,Postgresql
power,Power
power bi,PowerBi
power center,PowerCenter
power point,PowerPoint
powerbi,Powerbi
powerbuilder,Powerbuilder
powerpoint,Powerpoint
powershell,Powershell
powershell scripting,PowershellScripting
ppm,Ppm
pre-sales,Pre-sales
predictive analytics,PredictiveAnalytics
predictive modeling,PredictiveModeling
presentation,Presentation
presentations,Presentations
pricing,Pricing
printer,Printer
printers,Printers
prism,Prism
problem solving,ProblemSolving
process engineering,ProcessEngineering
process improvement,ProcessImprovement
process mapping,ProcessMapping
procurement,Procurement
product,Product
product design,ProductDesign
product development,ProductDevelopment
product engineering,ProductEngineering
product management,ProductManagement
product manager,ProductManager
production,Production
production support,ProductionSupport
program management,ProgramManagement
program manager,ProgramManager
programmer,Programmer
programming,Programming
project,Project
project coordination,ProjectCoordination
project coordinator,ProjectCoordinator
project management,ProjectManagement
project manager,ProjectManager
project planning,ProjectPlanning
project server,ProjectServer
projects,Projects
protocol,Protocol
protocols,Protocols
prototyping,Prototyping
protractor,Protractor
provisioning,Provisioning
proxy,Proxy
public sector,PublicSector
puppet,Puppet
purchasing,Purchasing
python,Python
python scripting,PythonScripting
qa,Qa
qa automation,QaAutomation
qa tester,QaTester
qa testing,QaTesting
qc,Qc
qliksense,Qliksense
qlikview,Qlikview
qnx,Qnx
qos,Qos
qt,Qt
qtp,Qtp
quality,Quality
quality assurance,QualityAssurance
quality center,QualityCenter
quality management,QualityManagement
qualys,Qualys
quantitative,Quantitative
queries,Queries
quickbooks,Quickbooks
r,R
r12,R12
rabbitmq,Rabbitmq
rac,Rac
rails,Rails
rally,Rally
rational,Rational
razor,Razor
rdbms,Rdbms
rds,Rds
re-engineering,Re-engineering
react,React
react js,ReactJs
react.js,React.js
reactjs,Reactjs
real estate,RealEstate
recovery,Recovery
recruiter,Recruiter
recruiting,Recruiting
recruitment,Recruitment
red hat,RedHat
redhat,Redhat
redhat linux,RedhatLinux
redis,Redis
redshift,Redshift
redux,Redux
reengineering,Reengineering
refer to job description,ReferToJobDescription
regression,Regression
regulatory,Regulatory
relational database,RelationalDatabase
relational databases,RelationalDatabases
release,Release
release engineer,ReleaseEngineer
release management,ReleaseManagement
reliable and rapidly implemented workforce solutions to the u.s. federal marketplace,ReliableAndRapidlyImplementedWorkforceSolutionsToTheU.s.FederalMarketplace
remedy,Remedy
replication,Replication
reporting,Reporting
reports,Reports
requirement gathering,RequirementGathering
requirements,Requirements
requirements gathering,RequirementsGathering
research,Research
responsive design,ResponsiveDesign
rest,Rest
rest api,RestApi
rest apis,RestApis
rest services,RestServices
rest web services,RestWebServices
restful,Restful
restful api,RestfulApi
restful api's,RestfulApi's
restful apis,RestfulApis
restful services,RestfulServices
restful web services,RestfulWebServices
retail,Retail
rf,Rf
rfp,Rfp
rhel,Rhel
rip,Rip
risk,Risk
risk assessment,RiskAssessment
risk management,RiskManagement
riverbed,Riverbed
rman,Rman
robotic,Robotic
robotics,Robotics
root cause analysis,RootCauseAnalysis
ror,Ror
route,Route
router,Router
routers,Routers
routing,Routing
routing protocols,RoutingProtocols
rpc,Rpc
rpg,Rpg
rsa,Rsa
rtl,Rtl
rtos,Rtos
ruby,Ruby
ruby on rails,RubyOnRails
s3,S3
saas,Saas
safe,Safe
sailpoint,Sailpoint
sales,Sales
sales engineer,SalesEngineer
sales force,SalesForce
salesforce,Salesforce
salesforce developer,SalesforceDeveloper
salesforce.com,Salesforce.com
saml,Saml
san,San
sans,Sans
sap,Sap
sap abap,SapAbap
sap basis,SapBasis
sap business objects,SapBusinessObjects
sap bw,SapBw
sap fico,SapFico
sap hana,SapHana
sap hr,SapHr
sap mm,SapMm
sap pp,SapPp
sap sd,SapSd
sap wm,SapWm
sas,Sas
sass,Sass
scada,Scada
scala,Scala
sccm,Sccm
scheduler,Scheduler
scheduling,Scheduling
scientific,Scientific
scm,Scm
scom,Scom
script,Script
scripting,Scripting
scripts,Scripts
scrum,Scrum
scrum master,ScrumMaster
sd,Sd
sdet,Sdet
sdk,Sdk
sdlc,Sdlc
sdn,Sdn
secret clearance,SecretClearance
security,Security
security analyst,SecurityAnalyst
security architect,SecurityArchitect
security architecture,SecurityArchitecture
security engineer,SecurityEngineer
security+,Security+
see below,SeeBelow
see job description,SeeJobDescription
see job overview.,SeeJobOverview.
see required skills below,SeeRequiredSkillsBelow
selenium,Selenium
selenium webdriver,SeleniumWebdriver
sencha,Sencha
senior,Senior
seo,Seo
server,Server
server administration,ServerAdministration
servers,Servers
service,Service
service cloud,ServiceCloud
service desk,ServiceDesk
service management,ServiceManagement
service now,ServiceNow
servicenow,Servicenow
services,Services
servlet,Servlet
servlets,Servlets
sfdc,Sfdc
share point,SharePoint
sharepoint,Sharepoint
sharepoint 2010,Sharepoint2010
sharepoint 2013,Sharepoint2013
sharepoint online,SharepointOnline
shell,Shell
shell script,ShellScript
shell scripting,ShellScripting
shell scripts,ShellScripts
siebel,Siebel
siem,Siem
silverlight,Silverlight
simulation,Simulation
sip,Sip
sitecore,Sitecore
siteminder,Siteminder
six sigma,SixSigma
sketch,Sketch
skype for business,SkypeForBusiness
sla,Sla
sme,Sme
sms,Sms
smtp,Smtp
snmp,Snmp
soa,Soa
soap,Soap
soap ui,SoapUi
soap/rest,Soap/rest
soapui,Soapui
soc,Soc
social media,SocialMedia
software,Software
software architect,SoftwareArchitect
software design,SoftwareDesign
software developer,SoftwareDeveloper
software development,SoftwareDevelopment
software engineer,SoftwareEngineer
software engineering,SoftwareEngineering
software implementation,SoftwareImplementation
software testing,SoftwareTesting
solaris,Solaris
solarwinds,Solarwinds
solidworks,Solidworks
solr,Solr
solution architect,SolutionArchitect
solution architecture,SolutionArchitecture
solutions,Solutions
solutions architect,SolutionsArchitect
sonar,Sonar
sonet,Sonet
source code,SourceCode
sourcefire,Sourcefire
sourcing,Sourcing
sow,Sow
sox,Sox
spa,Spa
spanish,Spanish
spark,Spark
spark streaming,SparkStreaming
specification,Specification
splunk,Splunk
spotfire,Spotfire
spring,Spring
spring batch,SpringBatch
spring boot,SpringBoot
spring framework,SpringFramework
spring mvc,SpringMvc
spring security,SpringSecurity
spss,Spss
sqa,Sqa
sql,Sql
sql databases,SqlDatabases
sql dba,SqlDba
sql developer,SqlDeveloper
sql queries,SqlQueries
sql reporting services,SqlReportingServices
sql server,SqlServer
sql server 2012,SqlServer2012
sql server dba,SqlServerDba
sqlite,Sqlite
sqoop,Sqoop
sqr,Sqr
sqs,Sqs
ssas,Ssas
sscp,Sscp
ssis,Ssis
ssl,Ssl
ssl/tls,Ssl/tls
sso,Sso
ssrs,Ssrs
staffing,Staffing
statistical analysis,StatisticalAnalysis
statistics,Statistics
stl,Stl
storage,Storage
stored procedures,StoredProcedures
storm,Storm
stp,Stp
strategic planning,StrategicPlanning
strategy,Strategy
streaming,Streaming
struts,Struts
subversion,Subversion
successfactors,Successfactors
sun,Sun
supervision,Supervision
supervisor,Supervisor
supply chain,SupplyChain
supply chain management,SupplyChainManagement
support,Support
svn,Svn
swagger,Swagger
swift,Swift
swing,Swing
switch,Switch
switches,Switches
switching,Switching
sybase,Sybase
sys admin,SysAdmin
system,System
system admin,SystemAdmin
system administration,SystemAdministration
system administrator,SystemAdministrator
system analyst,SystemAnalyst
system architecture,SystemArchitecture
system engineer,SystemEngineer
system engineering,SystemEngineering
system verilog,SystemVerilog
systems,Systems
systems admin,SystemsAdmin
systems administration,SystemsAdministration
systems administrator,SystemsAdministrator
systems analysis,SystemsAnalysis
systems analyst,SystemsAnalyst
systems engineer,SystemsEngineer
systems engineering,SystemsEngineering
syteline,Syteline
t-sql,T-sql
tableau,Tableau
tad pgs,TadPgs
talend,Talend
tcp,Tcp
tcp/ip,Tcp/ip
tdd,Tdd
team foundation server,TeamFoundationServer
team lead,TeamLead
teamcity,Teamcity
tech,Tech
tech support,TechSupport
technical,Technical
technical lead,TechnicalLead
technical project manager,TechnicalProjectManager
technical recruiter,TechnicalRecruiter
technical support,TechnicalSupport
technical writer,TechnicalWriter
technical writing,TechnicalWriting
technician,Technician
technology,Technology
telecom,Telecom
telecommunications,Telecommunications
telecommuting not available travel not required,TelecommutingNotAvailableTravelNotRequired
telephony,Telephony
telerik,Telerik
teradata,Teradata
test,Test
test automation,TestAutomation
test cases,TestCases
test engineer,TestEngineer
test plan,TestPlan
test plans,TestPlans
test scripts,TestScripts
tester,Tester
testing,Testing
testng,Testng
tests,Tests
texas,Texas
tfs,Tfs
threat,Threat
tibco,Tibco
tibco bw,TibcoBw
tibco ems,TibcoEms
tivoli,Tivoli
toad,Toad
togaf,Togaf
tomcat,Tomcat
top secret,TopSecret
trading,Trading
trading systems,TradingSystems
training,Training
transact sql,TransactSql
treasury,Treasury
triggers,Triggers
troubleshoot,Troubleshoot
troubleshooting,Troubleshooting
ts/sci,Ts/sci
tso,Tso
tsql,Tsql
tuning,Tuning
tx,Tx
typescript,Typescript
uat,Uat
ubuntu,Ubuntu
uccx,Uccx
ucs,Ucs
uft,Uft
ui,Ui
ui design,UiDesign
ui developer,UiDeveloper
ui development,UiDevelopment
ui/ux,Ui/ux
uml,Uml
unified communications,UnifiedCommunications
unit testing,UnitTesting
unity,Unity
unix,Unix
unix scripting,UnixScripting
unix shell,UnixShell
unix shell scripting,UnixShellScripting
unix/linux,Unix/linux
upgrade,Upgrade
upgrades,Upgrades
ups,Ups
usb,Usb
use case,UseCase
use cases,UseCases
user experience,UserExperience
user interface,UserInterface
user stories,UserStories
utilities,Utilities
uvm,Uvm
ux,Ux
ux design,UxDesign
va,Va
vagrant,Vagrant
validation,Validation
vb,Vb
vb script,VbScript
vb.net,Vb.net
vb6,Vb6
vba,Vba
vbscript,Vbscript
vcenter,Vcenter
vcp,Vcp
vdi,Vdi
veeva,Veeva
vendor management,VendorManagement
verification,Verification
verilog,Verilog
veritas,Veritas
version control,VersionControl
vertica,Vertica
vhdl,Vhdl
video,Video
views,Views
virtualization,Virtualization
visio,Visio
visual,Visual
visual basic,VisualBasic
visual design,VisualDesign
visual studio,VisualStudio
visualforce,Visualforce
visualization,Visualization
vlan,Vlan
vlans,Vlans
vm,Vm
vms,Vms
vmware,Vmware
vmware administration,VmwareAdministration
vmware esx,VmwareEsx
vnx,Vnx
voice,Voice
voip,Voip
vpc,Vpc
vpn,Vpn
vr,Vr
vsam,Vsam
vsphere,Vsphere
vulnerability,Vulnerability
vulnerability assessment,VulnerabilityAssessment
vulnerability management,VulnerabilityManagement
wan,Wan
waterfall,Waterfall
wcf,Wcf
wcs,Wcs
web,Web
web analytics,WebAnalytics
web api,WebApi
web application,WebApplication
web application development,WebApplicationDevelopment
web applications,WebApplications
web design,WebDesign
web developer,WebDeveloper
web development,WebDevelopment
web forms,WebForms
web proxy,WebProxy
web server,WebServer
web servers,WebServers
web service,WebService
web services,WebServices
webapi,Webapi
webdriver,Webdriver
weblogic,Weblogic
webmethods,Webmethods
webservices,Webservices
websockets,Websockets
websphere,Websphere
white box,WhiteBox
wi-fi,Wi-fi
wifi,Wifi
window,Window
windows,Windows
windows 10,Windows10
windows 7,Windows7
windows 8,Windows8
windows 8.1,Windows8.1
windows azure,WindowsAzure
windows os,WindowsOs
windows powershell,WindowsPowershell
windows server,WindowsServer
windows server 2008,WindowsServer2008
windows server 2012,WindowsServer2012
windows server administration,WindowsServerAdministration
windows servers,WindowsServers
windows xp,WindowsXp
winforms,Winforms
wintel,Wintel
wireframes,Wireframes
wireless,Wireless
wireshark,Wireshark
wm,Wm
wms,Wms
word,Word
wordpress,Wordpress
workday,Workday
workflow,Workflow
workflows,Workflows
wpf,Wpf
writer,Writer
wsdl,Wsdl
wsus,Wsus
xamarin,Xamarin
xaml,Xaml
xcode,Xcode
xen,Xen
xenapp,Xenapp
xendesktop,Xendesktop
xhtml,Xhtml
xml,Xml
xml publisher,XmlPublisher
xml/xslt,Xml/xslt
xp,Xp
xpath,Xpath
xsd,Xsd
xsl,Xsl
xslt,Xslt
z/os,Z/os
zabbix,Zabbix
zend,Zend
zookeeper,Zookeeper
